{"stats":{"minecraft:picked_up":{"minecraft:wooden_axe":2,"minecraft:redstone_block":1,"minecraft:chicken":1,"minecraft:ladder":8,"minecraft:prismarine_shard":15,"minecraft:gold_block":1,"minecraft:elytra":1,"minecraft:wooden_sword":1,"minecraft:smooth_stone":2,"minecraft:respawn_anchor":2,"minecraft:bucket":1,"minecraft:beef":14,"minecraft:player_head":5,"minecraft:jungle_sapling":1,"minecraft:dark_oak_sapling":1,"minecraft:stick":3,"minecraft:orange_shulker_box":1,"minecraft:glow_item_frame":1,"minecraft:stone_button":1,"minecraft:carrot":1,"minecraft:redstone":67,"minecraft:prismarine_crystals":4,"minecraft:command_block":1,"minecraft:rotten_flesh":14,"minecraft:red_tulip":1,"minecraft:warped_sign":1,"minecraft:waxed_cut_copper":1,"minecraft:white_shulker_box":4,"minecraft:cod":8,"minecraft:wet_sponge":15,"minecraft:yellow_shulker_box":1,"minecraft:repeater":6,"minecraft:leather":8,"minecraft:waxed_copper_block":2,"minecraft:oak_log":11,"minecraft:lily_pad":1,"minecraft:gunpowder":1,"minecraft:lapis_lazuli":320,"minecraft:dirt":228,"minecraft:weathered_cut_copper":1,"minecraft:twisting_vines":10,"minecraft:glass":64,"minecraft:apple":3,"minecraft:kelp":2,"minecraft:iron_ingot":4,"minecraft:dark_oak_sign":5,"minecraft:netherite_axe":1,"minecraft:oak_planks":2,"minecraft:scaffolding":3,"minecraft:dropper":64,"minecraft:weathered_copper":1,"minecraft:light_blue_shulker_box":2,"minecraft:grass_block":47,"minecraft:trapped_chest":2,"minecraft:shulker_box":1,"minecraft:exposed_cut_copper":1,"minecraft:firework_rocket":63,"minecraft:diamond":2,"minecraft:lever":6,"minecraft:bread":1737,"minecraft:oak_sapling":8,"minecraft:hopper":1},"minecraft:killed_by":{"minecraft:magma_cube":2},"minecraft:killed":{"minecraft:zoglin":1,"minecraft:chicken":1,"minecraft:magma_cube":3,"minecraft:elder_guardian":15,"minecraft:iron_golem":1,"minecraft:creeper":2,"minecraft:sheep":2,"minecraft:zombie":20,"minecraft:villager":27,"minecraft:blaze":2,"minecraft:cow":8},"minecraft:crafted":{"minecraft:leather_boots":5,"minecraft:player_head":4,"minecraft:diamond_hoe":1,"minecraft:diamond_helmet":1,"minecraft:bow":2,"minecraft:splash_potion":35,"minecraft:air":0,"minecraft:blaze_rod":1,"minecraft:iron_leggings":2,"minecraft:elytra":1},"minecraft:custom":{"minecraft:inspect_dropper":5,"minecraft:mob_kills":113,"minecraft:interact_with_anvil":1,"minecraft:inspect_hopper":4,"minecraft:interact_with_crafting_table":9,"minecraft:open_shulker_box":140,"minecraft:leave_game":43,"minecraft:time_since_death":25653,"minecraft:climb_one_cm":25160,"minecraft:sprint_one_cm":1147086,"minecraft:walk_one_cm":879422,"minecraft:drop":203,"minecraft:talked_to_villager":89,"minecraft:play_time":1306475,"minecraft:deaths":41,"minecraft:sneak_time":28407,"minecraft:walk_under_water_one_cm":62159,"minecraft:jump":11037,"minecraft:interact_with_brewingstand":11,"minecraft:interact_with_blast_furnace":17,"minecraft:walk_on_water_one_cm":14045,"minecraft:enchant_item":1,"minecraft:total_world_time":1335433,"minecraft:interact_with_furnace":87,"minecraft:traded_with_villager":47,"minecraft:time_since_rest":25674,"minecraft:damage_taken":18998,"minecraft:trigger_trapped_chest":2,"minecraft:damage_dealt":26563,"minecraft:swim_one_cm":28366,"minecraft:fly_one_cm":8779018,"minecraft:open_chest":196,"minecraft:crouch_one_cm":62442,"minecraft:interact_with_smoker":7,"minecraft:fall_one_cm":183977,"minecraft:inspect_dispenser":13},"minecraft:mined":{"minecraft:exposed_cut_copper":1,"minecraft:light_blue_wool":1,"minecraft:deepslate_diamond_ore":2,"minecraft:jungle_leaves":7,"minecraft:shulker_box":1,"minecraft:ladder":8,"minecraft:weathered_copper":1,"minecraft:grass_block":4,"minecraft:kelp":2,"minecraft:fire":2,"minecraft:red_tulip":1,"minecraft:waxed_cut_copper":1,"minecraft:scaffolding":1,"minecraft:glass":1,"minecraft:lily_pad":1,"minecraft:oak_planks":3,"minecraft:weathered_cut_copper":1,"minecraft:waxed_copper_block":3,"minecraft:dirt":6},"minecraft:dropped":{"minecraft:water_bucket":2,"minecraft:bread":4,"minecraft:piston":64,"minecraft:respawn_anchor":1,"minecraft:diamond_axe":1,"minecraft:glow_ink_sac":1,"minecraft:dark_oak_sapling":1,"minecraft:yellow_concrete":64,"minecraft:netherite_axe":1,"minecraft:prismarine_shard":15,"minecraft:cookie":36,"minecraft:golden_axe":1,"minecraft:glow_item_frame":2,"minecraft:leather":8,"minecraft:honeycomb":1,"minecraft:command_block":65,"minecraft:grass_block":112,"minecraft:leather_helmet":1,"minecraft:coal_block":1,"minecraft:ghast_spawn_egg":1,"minecraft:gold_block":2,"minecraft:lava_bucket":1,"minecraft:iron_block":1,"minecraft:dirt":64,"minecraft:milk_bucket":6,"minecraft:golden_carrot":64,"minecraft:stone_button":1,"minecraft:waxed_exposed_copper":1,"minecraft:light_blue_wool":28,"minecraft:repeater":4,"minecraft:wooden_axe":5,"minecraft:brown_wool":7,"minecraft:diamond_helmet":2,"minecraft:wet_sponge":4,"minecraft:fire_charge":1,"minecraft:potion":5,"minecraft:iron_leggings":2,"minecraft:jungle_sapling":1,"minecraft:wooden_sword":65,"minecraft:iron_pickaxe":1,"minecraft:smooth_stone":2,"minecraft:trapped_chest":2,"minecraft:bucket":5,"minecraft:redstone_block":2,"minecraft:redstone":64,"minecraft:red_concrete":64,"minecraft:polished_diorite":1,"minecraft:moss_carpet":1,"minecraft:purpur_block":1,"minecraft:kelp":1,"minecraft:ancient_debris":1,"minecraft:lever":7,"minecraft:netherite_hoe":1,"minecraft:player_head":9,"minecraft:blaze_rod":63,"minecraft:dark_oak_sign":16,"minecraft:tinted_glass":1,"minecraft:lime_concrete":1,"minecraft:wheat":64,"minecraft:sticky_piston":1,"minecraft:yellow_wool":96,"minecraft:blue_wool":1,"minecraft:lime_wool":16,"minecraft:chicken":1,"minecraft:rotten_flesh":9,"minecraft:diamond_shovel":1,"minecraft:netherite_shovel":1,"minecraft:warped_sign":1,"minecraft:diamond_ore":67,"minecraft:white_shulker_box":4,"minecraft:light_blue_concrete":64,"minecraft:orange_wool":16,"minecraft:glass_pane":1,"minecraft:shulker_box":1,"minecraft:waxed_copper_block":1,"minecraft:warped_planks":2,"minecraft:hay_block":1,"minecraft:cyan_wool":64,"minecraft:stone":3,"minecraft:shield":1,"minecraft:spruce_trapdoor":1,"minecraft:oak_wood":6,"minecraft:dropper":128,"minecraft:diamond_pickaxe":1,"minecraft:blue_banner":8,"minecraft:hopper":1,"minecraft:leather_boots":4,"minecraft:chest":1,"minecraft:spruce_wood":64,"minecraft:weathered_cut_copper":1,"minecraft:iron_ore":1,"minecraft:arrow":179,"minecraft:glass":65,"minecraft:piglin_brute_spawn_egg":1,"minecraft:scaffolding":18,"minecraft:oak_leaves":2,"minecraft:splash_potion":24,"minecraft:light_blue_shulker_box":1,"minecraft:firework_rocket":237},"minecraft:used":{"minecraft:orange_dye":1,"minecraft:purpur_block":7,"minecraft:moss_carpet":1,"minecraft:jungle_leaves":72,"minecraft:orange_concrete":1,"minecraft:flint_and_steel":16,"minecraft:red_concrete":2,"minecraft:dispenser":3,"minecraft:redstone":132,"minecraft:diamond_hoe":4,"minecraft:ladder":14,"minecraft:oak_sign":10,"minecraft:chest":7,"minecraft:shield":3,"minecraft:tinted_glass":36,"minecraft:stone":692,"minecraft:white_shulker_box":15,"minecraft:warped_sign":4,"minecraft:player_head":17,"minecraft:rotten_flesh":5,"minecraft:netherrack":33,"minecraft:orange_bed":2,"minecraft:torch":1,"minecraft:dirt":649,"minecraft:ancient_debris":4,"minecraft:hopper":1,"minecraft:carrot":1,"minecraft:diamond_helmet":1,"minecraft:raw_iron_block":3,"minecraft:cyan_wool":8,"minecraft:milk_bucket":4,"minecraft:polished_diorite":275,"minecraft:polished_deepslate_stairs":2,"minecraft:shroomlight":1,"minecraft:glass":102,"minecraft:wooden_axe":44,"minecraft:lava_bucket":8,"minecraft:netherite_shovel":1,"minecraft:bookshelf":5,"minecraft:red_tulip":1,"minecraft:waxed_cut_copper":4,"minecraft:iron_block":13,"minecraft:grass_block":528,"minecraft:orange_shulker_box":1,"minecraft:netherite_hoe":1,"minecraft:piglin_brute_spawn_egg":2,"minecraft:crimson_planks":7,"minecraft:magma_cube_spawn_egg":5,"minecraft:blaze_spawn_egg":1,"minecraft:diamond_chestplate":1,"minecraft:birch_trapdoor":1,"minecraft:repeater":134,"minecraft:glowstone":68,"minecraft:lime_concrete":1,"minecraft:weathered_cut_copper":5,"minecraft:bow":3,"minecraft:magenta_wool":9,"minecraft:hay_block":20,"minecraft:written_book":9,"minecraft:scaffolding":14,"minecraft:netherite_pickaxe":70,"minecraft:gold_block":59,"minecraft:trapped_chest":1,"minecraft:stone_pressure_plate":1,"minecraft:golden_axe":1,"minecraft:light_blue_carpet":5,"minecraft:end_rod":5,"minecraft:water_bucket":10,"minecraft:diorite":129,"minecraft:light_blue_shulker_box":4,"minecraft:diamond_boots":1,"minecraft:iron_ore":14,"minecraft:dropper":1,"minecraft:elder_guardian_spawn_egg":16,"minecraft:yellow_shulker_box":1,"minecraft:dark_oak_sign":54,"minecraft:polished_andesite":101,"minecraft:oak_planks":95,"minecraft:blue_wool":9,"minecraft:ender_pearl":2,"minecraft:redstone_block":69,"minecraft:spruce_sign":6,"minecraft:white_dye":1,"minecraft:glow_ink_sac":9,"minecraft:leather_boots":1,"minecraft:purpur_pillar":3,"minecraft:waxed_copper_block":52,"minecraft:oak_leaves":63,"minecraft:waxed_exposed_copper":1,"minecraft:glow_item_frame":2,"minecraft:respawn_anchor":31,"minecraft:light_blue_concrete":1,"minecraft:tnt":3,"minecraft:crafting_table":1,"minecraft:birch_sign":1,"minecraft:light_blue_wool":130,"minecraft:blast_furnace":1,"minecraft:yellow_concrete":1,"minecraft:cyan_dye":1,"minecraft:warped_planks":80,"minecraft:oak_log":2,"minecraft:sticky_piston":5,"minecraft:lever":55,"minecraft:yellow_dye":1,"minecraft:apple":1,"minecraft:command_block":151,"minecraft:bread":3,"minecraft:barrier":27,"minecraft:brown_wool":85,"minecraft:iron_pickaxe":51,"minecraft:stone_button":2,"minecraft:netherite_axe":102,"minecraft:polished_granite":69,"minecraft:spruce_trapdoor":8,"minecraft:diamond_ore":20,"minecraft:crimson_nylium":1,"minecraft:yellow_wool":134,"minecraft:fire_charge":1,"minecraft:coal_block":4,"minecraft:wooden_sword":14,"minecraft:cobblestone":58,"minecraft:orange_banner":1,"minecraft:exposed_cut_copper":1,"minecraft:chain_command_block":7,"minecraft:bucket":8,"minecraft:glass_pane":5,"minecraft:kelp":1,"minecraft:splash_potion":14,"minecraft:smooth_stone":55,"minecraft:diamond_leggings":1}},"DataVersion":2730}