{"stats":{"minecraft:picked_up":{"minecraft:wooden_axe":3,"minecraft:crafting_table":2,"minecraft:anvil":2,"minecraft:structure_block":2,"minecraft:gold_block":2,"minecraft:enchanted_book":1,"minecraft:red_bed":2,"minecraft:elytra":1,"minecraft:wooden_sword":4,"minecraft:shroomlight":5,"minecraft:smooth_stone":3,"minecraft:cobblestone_slab":5,"minecraft:player_head":1,"minecraft:coal_block":100,"minecraft:chest":2,"minecraft:furnace":2,"minecraft:tipped_arrow":24,"minecraft:sandstone":2,"minecraft:trident":2,"minecraft:redstone":23,"minecraft:arrow":53,"minecraft:white_wool":448,"minecraft:cobblestone":5,"minecraft:barrier":64,"minecraft:cooked_beef":142,"minecraft:repeater":4,"minecraft:water_bucket":2,"minecraft:gunpowder":93,"minecraft:dirt":259,"minecraft:lantern":4,"minecraft:bone":6,"minecraft:wheat_seeds":8,"minecraft:iron_ingot":90,"minecraft:oak_planks":1,"minecraft:yellow_concrete":2,"minecraft:gray_stained_glass":2,"minecraft:light_blue_shulker_box":2,"minecraft:white_bed":4,"minecraft:spruce_log":40,"minecraft:polished_andesite":5,"minecraft:firework_rocket":8,"minecraft:dispenser":1,"minecraft:slime_ball":63,"minecraft:polished_blackstone_pressure_plate":3,"minecraft:lever":5,"minecraft:golden_apple":1,"minecraft:bread":1,"minecraft:ender_pearl":9},"minecraft:killed_by":{"minecraft:player":2,"minecraft:slime":1},"minecraft:crafted":{"minecraft:baked_potato":16},"minecraft:killed":{"minecraft:slime":1,"minecraft:skeleton":4,"minecraft:bat":2,"minecraft:villager":1},"minecraft:custom":{"minecraft:interact_with_anvil":10,"minecraft:mob_kills":19,"minecraft:interact_with_crafting_table":3,"minecraft:open_shulker_box":55,"minecraft:leave_game":40,"minecraft:time_since_death":249363,"minecraft:climb_one_cm":21358,"minecraft:sprint_one_cm":73981,"minecraft:walk_one_cm":950746,"minecraft:drop":56,"minecraft:talked_to_villager":18,"minecraft:play_time":1075560,"minecraft:deaths":17,"minecraft:sneak_time":9137,"minecraft:walk_under_water_one_cm":64929,"minecraft:jump":1946,"minecraft:interact_with_brewingstand":4,"minecraft:walk_on_water_one_cm":7791,"minecraft:total_world_time":690347,"minecraft:interact_with_furnace":11,"minecraft:sleep_in_bed":1,"minecraft:time_since_rest":249383,"minecraft:damage_taken":5060,"minecraft:trigger_trapped_chest":3,"minecraft:damage_dealt":2280,"minecraft:interact_with_beacon":4,"minecraft:swim_one_cm":43119,"minecraft:fly_one_cm":4592439,"minecraft:open_chest":235,"minecraft:crouch_one_cm":3201,"minecraft:aviate_one_cm":1845,"minecraft:interact_with_smoker":2,"minecraft:fall_one_cm":20694,"minecraft:inspect_dispenser":45},"minecraft:dropped":{"minecraft:smooth_stone":1,"minecraft:ender_eye":29,"minecraft:end_portal_frame":26},"minecraft:mined":{"minecraft:white_bed":1},"minecraft:used":{"minecraft:azalea":4,"minecraft:oak_fence":10,"minecraft:purpur_block":185,"minecraft:light_blue_banner":6,"minecraft:trident":1,"minecraft:iron_bars":120,"minecraft:netherite_sword":20,"minecraft:stone_sword":2,"minecraft:red_sand":2,"minecraft:enchanting_table":1,"minecraft:polished_deepslate":1231,"minecraft:red_concrete":37,"minecraft:dispenser":52,"minecraft:redstone":65,"minecraft:elytra":1,"minecraft:ladder":144,"minecraft:oak_sign":6,"minecraft:polished_basalt":70,"minecraft:chest":83,"minecraft:spruce_planks":164,"minecraft:tinted_glass":111,"minecraft:stone":538,"minecraft:white_shulker_box":1,"minecraft:quartz_stairs":107,"minecraft:player_head":4,"minecraft:structure_block":83,"minecraft:end_stone_brick_wall":4,"minecraft:dirt":76,"minecraft:spyglass":12,"minecraft:anvil":8,"minecraft:skeleton_spawn_egg":10,"minecraft:prismarine_bricks":276,"minecraft:twisting_vines":58,"minecraft:cobblestone_wall":82,"minecraft:shulker_box":4,"minecraft:oak_fence_gate":2,"minecraft:obsidian":121,"minecraft:polished_deepslate_stairs":4,"minecraft:shroomlight":168,"minecraft:andesite_wall":38,"minecraft:purple_stained_glass_pane":1,"minecraft:red_shulker_box":7,"minecraft:sea_lantern":111,"minecraft:flowering_azalea":4,"minecraft:lava_bucket":113,"minecraft:bookshelf":49,"minecraft:red_tulip":11,"minecraft:lime_banner":2,"minecraft:quartz_pillar":76,"minecraft:villager_spawn_egg":10,"minecraft:quartz_slab":133,"minecraft:red_wool":53,"minecraft:lantern":23,"minecraft:grass_block":785,"minecraft:oak_stairs":116,"minecraft:quartz_block":187,"minecraft:spawner":1,"minecraft:polished_blackstone_brick_wall":20,"minecraft:light_blue_bed":1,"minecraft:smooth_quartz":77,"minecraft:deepslate_diamond_ore":17,"minecraft:repeater":4,"minecraft:glowstone":51,"minecraft:red_carpet":25,"minecraft:magma_block":36,"minecraft:lime_concrete":36,"minecraft:hay_block":14,"minecraft:furnace":5,"minecraft:salmon_spawn_egg":3,"minecraft:gold_block":504,"minecraft:trapped_chest":3,"minecraft:stone_pressure_plate":14,"minecraft:end_stone_brick_stairs":36,"minecraft:seagrass":15,"minecraft:water_bucket":289,"minecraft:yellow_banner":2,"minecraft:light_blue_shulker_box":6,"minecraft:iron_ore":10,"minecraft:end_stone_bricks":5,"minecraft:amethyst_block":19,"minecraft:light_blue_glazed_terracotta":50,"minecraft:yellow_shulker_box":9,"minecraft:polished_andesite":296,"minecraft:oak_planks":243,"minecraft:copper_block":1,"minecraft:orange_tulip":8,"minecraft:ender_pearl":2,"minecraft:sandstone":186,"minecraft:beacon":39,"minecraft:cobblestone_slab":1,"minecraft:purpur_pillar":1,"minecraft:oak_leaves":110,"minecraft:white_wool":147,"minecraft:polished_blackstone_pressure_plate":3,"minecraft:dark_oak_trapdoor":7,"minecraft:diamond_block":258,"minecraft:purpur_stairs":13,"minecraft:lime_bed":1,"minecraft:light_blue_concrete":37,"minecraft:tnt":2,"minecraft:crafting_table":5,"minecraft:red_bed":6,"minecraft:yellow_stained_glass_pane":1,"minecraft:yellow_concrete":38,"minecraft:white_bed":4,"minecraft:lime_shulker_box":3,"minecraft:stone_brick_wall":6,"minecraft:end_stone":581,"minecraft:deepslate_tile_wall":38,"minecraft:purple_stained_glass":14,"minecraft:oak_log":427,"minecraft:amethyst_cluster":4,"minecraft:netherite_block":3,"minecraft:dark_prismarine":398,"minecraft:lever":68,"minecraft:ender_eye":22,"minecraft:command_block":45,"minecraft:bread":1,"minecraft:barrier":142,"minecraft:stone_button":4,"minecraft:polished_granite":185,"minecraft:spruce_trapdoor":44,"minecraft:iron_door":4,"minecraft:prismarine_wall":7,"minecraft:gravel":11,"minecraft:soul_lantern":1,"minecraft:magenta_stained_glass_pane":4,"minecraft:cod_spawn_egg":3,"minecraft:coal_block":5,"minecraft:wooden_sword":8,"minecraft:cobblestone":88,"minecraft:red_banner":3,"minecraft:yellow_bed":1,"minecraft:bucket":5,"minecraft:andesite":58,"minecraft:chain":7,"minecraft:glass_pane":306,"minecraft:smooth_stone_slab":156,"minecraft:end_portal_frame":33,"minecraft:sea_pickle":6,"minecraft:kelp":13,"minecraft:smooth_stone":539,"minecraft:cobweb":29,"minecraft:gray_stained_glass":158}},"DataVersion":2730}