{"stats":{"minecraft:picked_up":{"minecraft:wooden_axe":6,"minecraft:redstone_block":10,"minecraft:nether_brick_fence":1,"minecraft:potion":18,"minecraft:enchanted_book":6,"minecraft:sticky_piston":1,"minecraft:shroomlight":5,"minecraft:oak_sign":2,"minecraft:spruce_planks":3,"minecraft:cobblestone_slab":5,"minecraft:ender_eye":29,"minecraft:melon_slice":13,"minecraft:enchanted_golden_apple":1,"minecraft:tipped_arrow":6,"minecraft:torch":21,"minecraft:stone_sword":1,"minecraft:rotten_flesh":6,"minecraft:command_block":64,"minecraft:glowstone":4,"minecraft:cobblestone":5,"minecraft:cooked_beef":74,"minecraft:dirt":470,"minecraft:bone":1,"minecraft:netherite_axe":1,"minecraft:oak_planks":47,"minecraft:cooked_porkchop":114,"minecraft:sand":13,"minecraft:light_blue_shulker_box":1,"minecraft:shulker_box":5,"minecraft:polished_andesite":7,"minecraft:diamond":4,"minecraft:polished_blackstone_pressure_plate":3,"minecraft:lever":12,"minecraft:crossbow":2,"minecraft:golden_apple":2,"minecraft:bread":23,"minecraft:netherrack":5,"minecraft:oak_leaves":40,"minecraft:chicken":2,"minecraft:ladder":43,"minecraft:purpur_block":65,"minecraft:elytra":1,"minecraft:red_bed":5,"minecraft:wooden_sword":6,"minecraft:poppy":6,"minecraft:chest":3,"minecraft:piston":10,"minecraft:egg":3,"minecraft:lime_shulker_box":3,"minecraft:sandstone":2,"minecraft:stone_button":7,"minecraft:cookie":36,"minecraft:carrot":9,"minecraft:redstone":7,"minecraft:stone_pressure_plate":5,"minecraft:tnt":125,"minecraft:diamond_chestplate":1,"minecraft:nether_bricks":65,"minecraft:hay_block":16,"minecraft:purpur_slab":2,"minecraft:gold_ingot":18,"minecraft:totem_of_undying":1,"minecraft:white_wool":1984,"minecraft:leather":6,"minecraft:end_portal_frame":26,"minecraft:purpur_stairs":64,"minecraft:apple":10,"minecraft:iron_ingot":35,"minecraft:spyglass":2,"minecraft:lava_bucket":2,"minecraft:sea_lantern":1,"minecraft:firework_rocket":62,"minecraft:slime_ball":75,"minecraft:ender_pearl":3},"minecraft:killed_by":{"minecraft:slime":1},"minecraft:broken":{"minecraft:crossbow":1,"minecraft:flint_and_steel":1,"minecraft:diamond_leggings":2},"minecraft:killed":{"minecraft:chicken":7,"minecraft:iron_golem":3,"minecraft:zombie":1,"minecraft:slime":20,"minecraft:bat":3,"minecraft:villager":57},"minecraft:crafted":{"minecraft:bow":2,"minecraft:diamond_leggings":3,"minecraft:golden_sword":1,"minecraft:golden_boots":1,"minecraft:spruce_planks":40,"minecraft:chainmail_chestplate":3,"minecraft:stone_sword":1,"minecraft:elytra":4,"minecraft:leather_boots":1,"minecraft:player_head":2,"minecraft:flint_and_steel":1,"minecraft:iron_axe":1,"minecraft:splash_potion":6,"minecraft:golden_helmet":1,"minecraft:chainmail_leggings":1,"minecraft:crossbow":5},"minecraft:custom":{"minecraft:interact_with_crafting_table":7,"minecraft:open_barrel":3,"minecraft:open_shulker_box":52,"minecraft:leave_game":10,"minecraft:time_since_death":58755,"minecraft:sprint_one_cm":1044808,"minecraft:drop":296,"minecraft:talked_to_villager":173,"minecraft:play_time":764566,"minecraft:deaths":13,"minecraft:jump":3555,"minecraft:interact_with_brewingstand":7,"minecraft:walk_on_water_one_cm":5742,"minecraft:interact_with_furnace":12,"minecraft:traded_with_villager":33,"minecraft:sleep_in_bed":1,"minecraft:damage_dealt":19064,"minecraft:player_kills":2,"minecraft:crouch_one_cm":28031,"minecraft:interact_with_smoker":5,"minecraft:inspect_dispenser":29,"minecraft:interact_with_anvil":6,"minecraft:mob_kills":142,"minecraft:climb_one_cm":28391,"minecraft:walk_one_cm":830753,"minecraft:sneak_time":14373,"minecraft:walk_under_water_one_cm":13046,"minecraft:total_world_time":764566,"minecraft:time_since_rest":58775,"minecraft:damage_taken":4005,"minecraft:swim_one_cm":13819,"minecraft:fly_one_cm":3824906,"minecraft:open_chest":541,"minecraft:aviate_one_cm":41377,"minecraft:fall_one_cm":40289},"minecraft:mined":{"minecraft:polished_blackstone_pressure_plate":1,"minecraft:fire":4,"minecraft:tnt":1,"minecraft:purpur_block":1,"minecraft:dirt":1,"minecraft:netherrack":2,"minecraft:shulker_box":1,"minecraft:nether_bricks":1,"minecraft:sandstone":2,"minecraft:nether_brick_fence":1,"minecraft:spruce_log":1,"minecraft:polished_andesite":4},"minecraft:dropped":{"minecraft:diamond_axe":1,"minecraft:cooked_beef":80,"minecraft:ender_pearl":14,"minecraft:diamond":65,"minecraft:cooked_porkchop":171,"minecraft:crossbow":5,"minecraft:cookie":48,"minecraft:black_bed":1,"minecraft:leather":4,"minecraft:iron_horse_armor":1,"minecraft:purpur_stairs":65,"minecraft:elytra":2,"minecraft:cut_sandstone_slab":1,"minecraft:leather_helmet":1,"minecraft:gold_block":1,"minecraft:dirt":583,"minecraft:red_bed":1,"minecraft:crimson_trapdoor":1,"minecraft:stone_button":3,"minecraft:gilded_blackstone":15,"minecraft:wooden_sword":7,"minecraft:gold_nugget":39,"minecraft:sand":64,"minecraft:iron_pickaxe":64,"minecraft:birch_log":54,"minecraft:white_wool":64,"minecraft:gold_ingot":4,"minecraft:bone":1,"minecraft:stone_axe":2,"minecraft:purpur_block":64,"minecraft:spyglass":1,"minecraft:lever":9,"minecraft:wheat":52,"minecraft:obsidian":1,"minecraft:oak_planks":20,"minecraft:enchanted_golden_apple":4,"minecraft:diamond_shovel":1,"minecraft:carrot":50,"minecraft:chainmail_chestplate":4,"minecraft:poppy":6,"minecraft:sea_lantern":65,"minecraft:tipped_arrow":100,"minecraft:gunpowder":29,"minecraft:glowstone":6,"minecraft:acacia_slab":64,"minecraft:chest":5,"minecraft:ladder":66,"minecraft:chainmail_boots":1,"minecraft:iron_ore":64,"minecraft:arrow":200,"minecraft:glass":1,"minecraft:scaffolding":46,"minecraft:written_book":2,"minecraft:splash_potion":1,"minecraft:netherrack":4,"minecraft:firework_rocket":473,"minecraft:egg":81,"minecraft:spawner":64,"minecraft:enchanted_book":9,"minecraft:water_bucket":1,"minecraft:iron_ingot":44,"minecraft:bread":57,"minecraft:orange_shulker_box":1,"minecraft:golden_helmet":1,"minecraft:tnt":171,"minecraft:deepslate_diamond_ore":1,"minecraft:purpur_slab":4,"minecraft:barrier":128,"minecraft:cobblestone":49,"minecraft:apple":10,"minecraft:command_block":64,"minecraft:chicken_spawn_egg":1,"minecraft:golden_apple":2,"minecraft:polished_andesite":1,"minecraft:lava_bucket":1,"minecraft:gray_wool":64,"minecraft:nether_gold_ore":28,"minecraft:repeater":2,"minecraft:potion":73,"minecraft:music_disc_wait":64,"minecraft:chainmail_leggings":1,"minecraft:string":118,"minecraft:bucket":5,"minecraft:redstone":64,"minecraft:furnace":1,"minecraft:nether_brick_slab":64,"minecraft:dragon_head":57,"minecraft:player_head":1,"minecraft:blaze_rod":60,"minecraft:stone_sword":6,"minecraft:experience_bottle":320,"minecraft:stone_shovel":2,"minecraft:chicken":2,"minecraft:light_gray_wool":64,"minecraft:iron_boots":1,"minecraft:smoker":1,"minecraft:damaged_anvil":1,"minecraft:glow_lichen":1,"minecraft:nether_bricks":192,"minecraft:totem_of_undying":64,"minecraft:oak_sign":1,"minecraft:shulker_box":3,"minecraft:diamond_sword":1,"minecraft:cobblestone_slab":1,"minecraft:hay_block":16,"minecraft:shroomlight":1,"minecraft:diamond_chestplate":1,"minecraft:spruce_trapdoor":1,"minecraft:spruce_planks":3,"minecraft:diamond_pickaxe":1,"minecraft:popped_chorus_fruit":64,"minecraft:small_dripleaf":1,"minecraft:redstone_torch":2,"minecraft:stone_pressure_plate":3,"minecraft:birch_sign":1,"minecraft:slime_ball":15,"minecraft:stripped_warped_stem":32,"minecraft:red_sand":1,"minecraft:stone_pickaxe":2,"minecraft:black_wool":64},"minecraft:used":{"minecraft:nether_brick_fence":25,"minecraft:jack_o_lantern":1,"minecraft:red_sand":11,"minecraft:polished_deepslate":20,"minecraft:melon":38,"minecraft:dispenser":5,"minecraft:elytra":1,"minecraft:ladder":47,"minecraft:oak_sign":16,"minecraft:chest":23,"minecraft:stone":20,"minecraft:player_head":4,"minecraft:cut_copper":62,"minecraft:nether_bricks":131,"minecraft:deepslate_brick_slab":1,"minecraft:obsidian":82,"minecraft:big_dripleaf":17,"minecraft:polished_blackstone_slab":31,"minecraft:glass":116,"minecraft:lava_bucket":22,"minecraft:grass_block":38,"minecraft:orange_shulker_box":1,"minecraft:deepslate_diamond_ore":1,"minecraft:repeater":3,"minecraft:bow":3,"minecraft:hay_block":30,"minecraft:written_book":3,"minecraft:furnace":1,"minecraft:gold_block":20,"minecraft:egg":30,"minecraft:golden_boots":3,"minecraft:end_rod":7,"minecraft:damaged_anvil":1,"minecraft:chorus_fruit":2,"minecraft:oak_planks":8,"minecraft:ender_pearl":2,"minecraft:wooden_pickaxe":10,"minecraft:sandstone":4,"minecraft:redstone_block":6,"minecraft:oak_leaves":3,"minecraft:white_wool":3,"minecraft:respawn_anchor":1,"minecraft:dark_oak_trapdoor":20,"minecraft:purpur_stairs":60,"minecraft:sand":97,"minecraft:cut_sandstone_slab":17,"minecraft:crossbow":6,"minecraft:sponge":2,"minecraft:redstone_torch":4,"minecraft:sticky_piston":21,"minecraft:lever":50,"minecraft:firework_rocket":10,"minecraft:bread":4,"minecraft:string":6,"minecraft:barrier":134,"minecraft:stone_button":8,"minecraft:iron_door":1,"minecraft:gravel":9,"minecraft:nether_wart_block":2,"minecraft:diamond_sword":14,"minecraft:wooden_sword":8,"minecraft:smooth_stone_slab":2,"minecraft:air":1,"minecraft:cobweb":8,"minecraft:oak_fence":2,"minecraft:azalea":2,"minecraft:oak_trapdoor":2,"minecraft:purpur_block":172,"minecraft:petrified_oak_slab":1,"minecraft:rose_bush":2,"minecraft:iron_bars":8,"minecraft:flint_and_steel":14,"minecraft:redstone":102,"minecraft:spruce_planks":5,"minecraft:netherrack":293,"minecraft:torch":50,"minecraft:dirt":50,"minecraft:anvil":28,"minecraft:nether_quartz_ore":6,"minecraft:twisting_vines":5,"minecraft:nether_brick_slab":64,"minecraft:shulker_box":10,"minecraft:raw_iron_block":13,"minecraft:glow_lichen":20,"minecraft:orange_candle":32,"minecraft:birch_door":1,"minecraft:red_shulker_box":1,"minecraft:wooden_axe":8,"minecraft:sea_lantern":21,"minecraft:iron_block":9,"minecraft:light_weighted_pressure_plate":2,"minecraft:slime_block":22,"minecraft:chicken_spawn_egg":8,"minecraft:barrel":1,"minecraft:light_gray_wool":19,"minecraft:tripwire_hook":6,"minecraft:glowstone":158,"minecraft:netherite_pickaxe":54,"minecraft:stone_pressure_plate":8,"minecraft:water_bucket":3,"minecraft:light_blue_shulker_box":2,"minecraft:iron_ore":3,"minecraft:lead":2,"minecraft:polished_andesite":167,"minecraft:lime_wool":7,"minecraft:red_nether_bricks":2,"minecraft:copper_block":52,"minecraft:deepslate_bricks":40,"minecraft:waxed_copper_block":5,"minecraft:glow_item_frame":2,"minecraft:polished_blackstone_pressure_plate":15,"minecraft:oak_slab":5,"minecraft:tnt":32,"minecraft:crafting_table":5,"minecraft:crimson_trapdoor":6,"minecraft:red_bed":3,"minecraft:birch_sign":1,"minecraft:white_bed":3,"minecraft:lime_shulker_box":3,"minecraft:magenta_carpet":7,"minecraft:smoker":2,"minecraft:spruce_log":32,"minecraft:nether_gold_ore":14,"minecraft:piston":5,"minecraft:ender_eye":22,"minecraft:black_wool":12,"minecraft:command_block":45,"minecraft:netherite_axe":121,"minecraft:iron_pickaxe":31,"minecraft:purpur_slab":33,"minecraft:spruce_trapdoor":1,"minecraft:yellow_wool":34,"minecraft:blue_carpet":6,"minecraft:cobblestone":33,"minecraft:orange_banner":1,"minecraft:bucket":2,"minecraft:glass_pane":10,"minecraft:end_portal_frame":19,"minecraft:gray_wool":8,"minecraft:splash_potion":7}},"DataVersion":2730}