{"stats":{"minecraft:killed_by":{"minecraft:player":27,"minecraft:skeleton":1,"minecraft:creeper":2,"minecraft:zombie":3,"minecraft:enderman":1},"minecraft:mined":{"minecraft:white_bed":1,"minecraft:blue_bed":1},"minecraft:dropped":{"minecraft:water_bucket":2,"minecraft:crafting_table":1,"minecraft:diamond_leggings":1,"minecraft:command_block":2,"minecraft:bedrock":1,"minecraft:white_bed":1,"minecraft:diamond_sword":2,"minecraft:light_blue_wool":1,"minecraft:diamond_helmet":1,"minecraft:stone_bricks":1,"minecraft:diamond_boots":1,"minecraft:bow":1},"minecraft:used":{"minecraft:light_blue_carpet":2,"minecraft:oak_fence":83,"minecraft:water_bucket":29,"minecraft:trident":128,"minecraft:stone_sword":38,"minecraft:oak_planks":204,"minecraft:oak_sign":47,"minecraft:dispenser":1,"minecraft:redstone":307,"minecraft:lime_wool":346,"minecraft:ladder":361,"minecraft:blue_wool":140,"minecraft:ender_pearl":45,"minecraft:chest":4,"minecraft:shield":18,"minecraft:stone":6,"minecraft:white_wool":473,"minecraft:torch":25,"minecraft:skeleton_spawn_egg":12,"minecraft:diamond_block":1821,"minecraft:soul_sand":9,"minecraft:anvil":2,"minecraft:oak_slab":99,"minecraft:crafting_table":12,"minecraft:red_bed":3,"minecraft:warped_door":6,"minecraft:light_blue_wool":863,"minecraft:birch_sign":1,"minecraft:orange_wool":53,"minecraft:white_bed":15,"minecraft:sponge":6,"minecraft:painting":1,"minecraft:snowball":100,"minecraft:bat_spawn_egg":2,"minecraft:enderman_spawn_egg":3,"minecraft:glass":791,"minecraft:stone_brick_slab":148,"minecraft:lever":87,"minecraft:lava_bucket":130,"minecraft:red_wool":326,"minecraft:command_block":183,"minecraft:lantern":130,"minecraft:oak_stairs":86,"minecraft:grass_block":684,"minecraft:barrier":571,"minecraft:oak_button":16,"minecraft:brown_wool":35,"minecraft:spawner":13,"minecraft:stone_brick_stairs":92,"minecraft:light_blue_bed":3,"minecraft:smooth_quartz":90,"minecraft:oak_pressure_plate":16,"minecraft:birch_button":1,"minecraft:iron_door":54,"minecraft:totem_of_undying":5,"minecraft:pink_wool":59,"minecraft:repeater":39,"minecraft:stone_bricks":3635,"minecraft:yellow_wool":96,"minecraft:glowstone":2,"minecraft:item_frame":63,"minecraft:bedrock":260,"minecraft:diamond_sword":344,"minecraft:bow":245,"minecraft:magenta_wool":3,"minecraft:crimson_door":4,"minecraft:chain":21,"minecraft:bucket":37,"minecraft:glass_pane":73,"minecraft:gold_block":523,"minecraft:stone_pressure_plate":85,"minecraft:cooked_beef":30,"minecraft:kelp":160,"minecraft:warped_button":1,"minecraft:enchanted_golden_apple":1},"minecraft:broken":{"minecraft:diamond_helmet":1},"minecraft:killed":{"minecraft:spider":1,"minecraft:skeleton":9,"minecraft:zombie":1},"minecraft:picked_up":{"minecraft:repeater":3,"minecraft:ladder":30,"minecraft:diamond_sword":2,"minecraft:birch_button":1,"minecraft:bedrock":2,"minecraft:gunpowder":1,"minecraft:string":1,"minecraft:lantern":24,"minecraft:bone":40,"minecraft:oak_sign":9,"minecraft:kelp":151,"minecraft:bow":4,"minecraft:diamond_leggings":1,"minecraft:redstone_torch":2,"minecraft:stone":2,"minecraft:torch":6,"minecraft:oak_pressure_plate":49,"minecraft:stone_button":2,"minecraft:crimson_door":9,"minecraft:white_bed":1,"minecraft:redstone":8,"minecraft:diamond_block":73,"minecraft:warped_door":7,"minecraft:stone_pressure_plate":1,"minecraft:command_block":3,"minecraft:arrow":34,"minecraft:rotten_flesh":25,"minecraft:lever":2,"minecraft:birch_sign":2,"minecraft:totem_of_undying":10,"minecraft:oak_button":3,"minecraft:ender_pearl":18},"minecraft:custom":{"minecraft:mob_kills":15,"minecraft:interact_with_anvil":17,"minecraft:interact_with_crafting_table":4,"minecraft:leave_game":34,"minecraft:time_since_death":3776,"minecraft:sleep_in_bed":4,"minecraft:climb_one_cm":270378,"minecraft:damage_resisted":153,"minecraft:time_since_rest":3806,"minecraft:walk_one_cm":2444907,"minecraft:sprint_one_cm":643755,"minecraft:damage_taken":49665,"minecraft:damage_absorbed":187,"minecraft:damage_blocked_by_shield":436,"minecraft:drop":15,"minecraft:damage_dealt":4679,"minecraft:fly_one_cm":5763958,"minecraft:player_kills":13,"minecraft:open_chest":3,"minecraft:crouch_one_cm":21080,"minecraft:play_time":1144356,"minecraft:deaths":120,"minecraft:sneak_time":17949,"minecraft:walk_under_water_one_cm":314748,"minecraft:jump":4808,"minecraft:walk_on_water_one_cm":18911,"minecraft:total_world_time":8165,"minecraft:fall_one_cm":406586,"minecraft:inspect_dispenser":25},"minecraft:crafted":{"minecraft:diamond_sword":1,"minecraft:iron_helmet":1,"minecraft:diamond_helmet":1,"minecraft:diamond_leggings":1,"minecraft:iron_boots":1,"minecraft:iron_chestplate":1,"minecraft:diamond_boots":1,"minecraft:iron_leggings":1,"minecraft:diamond_chestplate":1}},"DataVersion":2865}