{"stats":{"minecraft:mined":{"minecraft:pink_bed":1,"minecraft:glass":1,"minecraft:blue_bed":1},"minecraft:killed":{"minecraft:spider":2,"minecraft:zombie":2},"minecraft:crafted":{"minecraft:diamond_sword":1,"minecraft:diamond_axe":1,"minecraft:diamond_helmet":1,"minecraft:diamond_leggings":2,"minecraft:diamond_boots":1,"minecraft:diamond_chestplate":2},"minecraft:used":{"minecraft:oak_fence":25,"minecraft:trident":53,"minecraft:water_bucket":44,"minecraft:netherite_sword":3,"minecraft:ladder":90,"minecraft:redstone":24,"minecraft:oak_sign":3,"minecraft:chest":1,"minecraft:shield":10,"minecraft:stone":63,"minecraft:blue_bed":3,"minecraft:beacon":1,"minecraft:oak_door":1,"minecraft:white_wool":110,"minecraft:golden_apple":7,"minecraft:diamond_block":2,"minecraft:crafting_table":1,"minecraft:birch_sign":13,"minecraft:warped_door":1,"minecraft:acacia_button":1,"minecraft:snowball":99,"minecraft:polished_diorite":118,"minecraft:obsidian":3,"minecraft:redstone_torch":2,"minecraft:glass":21,"minecraft:lever":51,"minecraft:red_wool":257,"minecraft:command_block":118,"minecraft:iron_block":29,"minecraft:barrier":69,"minecraft:stone_button":3,"minecraft:glowstone":24,"minecraft:smooth_quartz":2,"minecraft:pink_bed":6,"minecraft:wooden_sword":24,"minecraft:totem_of_undying":3,"minecraft:crimson_planks":2,"minecraft:birch_button":30,"minecraft:repeater":4,"minecraft:bedrock":181,"minecraft:diamond_sword":282,"minecraft:potion":3,"minecraft:bow":138,"minecraft:end_crystal":3,"minecraft:crimson_door":2,"minecraft:bucket":28,"minecraft:polished_blackstone_button":3,"minecraft:stone_pressure_plate":6,"minecraft:cooked_beef":35,"minecraft:warped_button":16,"minecraft:enchanted_golden_apple":4,"minecraft:splash_potion":1},"minecraft:picked_up":{"minecraft:ladder":3,"minecraft:birch_button":21,"minecraft:bedrock":5,"minecraft:acacia_button":1,"minecraft:blue_bed":1,"minecraft:string":8,"minecraft:oak_sign":1,"minecraft:pink_bed":1,"minecraft:oak_fence":2,"minecraft:warped_button":5,"minecraft:diamond_block":7,"minecraft:redstone":1,"minecraft:command_block":6,"minecraft:arrow":5,"minecraft:rotten_flesh":39,"minecraft:lever":8,"minecraft:birch_sign":5,"minecraft:oak_button":2},"minecraft:killed_by":{"minecraft:player":13,"minecraft:creeper":1},"minecraft:custom":{"minecraft:mob_kills":8,"minecraft:interact_with_crafting_table":11,"minecraft:play_one_minute":483128,"minecraft:leave_game":23,"minecraft:time_since_death":11117,"minecraft:climb_one_cm":192687,"minecraft:damage_resisted":94,"minecraft:time_since_rest":11144,"minecraft:walk_one_cm":780912,"minecraft:sprint_one_cm":452787,"minecraft:damage_taken":15442,"minecraft:damage_absorbed":533,"minecraft:damage_blocked_by_shield":850,"minecraft:drop":174,"minecraft:damage_dealt":4566,"minecraft:interact_with_beacon":2,"minecraft:swim_one_cm":138,"minecraft:fly_one_cm":1768582,"minecraft:player_kills":26,"minecraft:open_chest":30,"minecraft:crouch_one_cm":20686,"minecraft:deaths":49,"minecraft:sneak_time":9971,"minecraft:walk_under_water_one_cm":75592,"minecraft:jump":2894,"minecraft:walk_on_water_one_cm":7597,"minecraft:fall_one_cm":118815,"minecraft:inspect_dispenser":9},"minecraft:dropped":{"minecraft:crimson_planks":2,"minecraft:water_bucket":5,"minecraft:golden_boots":2,"minecraft:acacia_boat":2,"minecraft:lever":7,"minecraft:player_head":1,"minecraft:cooked_beef":320,"minecraft:stone_sword":2,"minecraft:netherite_sword":2,"minecraft:creeper_spawn_egg":10,"minecraft:diamond_leggings":5,"minecraft:oak_fence":2,"minecraft:rotten_flesh":19,"minecraft:enchanted_golden_apple":6,"minecraft:red_wool":384,"minecraft:command_block":10,"minecraft:bedrock":7,"minecraft:warped_door":1,"minecraft:totem_of_undying":13,"minecraft:golden_apple":10,"minecraft:acacia_button":2,"minecraft:stick":1,"minecraft:diamond_sword":2,"minecraft:tipped_arrow":5,"minecraft:stone":98,"minecraft:trident":1,"minecraft:diamond_chestplate":5,"minecraft:repeater":1,"minecraft:diamond_helmet":3,"minecraft:snowball":208,"minecraft:ladder":2,"minecraft:wooden_sword":2,"minecraft:fire_charge":21,"minecraft:golden_sword":12,"minecraft:redstone_torch":1,"minecraft:birch_sign":5,"minecraft:acacia_fence_gate":1,"minecraft:warped_button":5,"minecraft:diamond_boots":1,"minecraft:arrow":258,"minecraft:bow":7,"minecraft:string":5,"minecraft:white_wool":320,"minecraft:bucket":1,"minecraft:redstone":1}},"DataVersion":2586}